question,correct_answer,llm_answer
"Out of the given list, which Gene is associated with psoriasis and Takayasu's arteritis. Given list is: SHTN1, HLA-B,  SLC14A2,  BTBD9,  DTNB",HLA-B,"```json
{
  ""answer"": ""HLA-B""
}
```"
"Out of the given list, which Gene is associated with psoriasis and Takayasu's arteritis. Given list is: SHTN1, HLA-B,  SLC14A2,  BTBD9,  DTNB",HLA-B,Error
"Out of the given list, which Gene is associated with psoriasis and myelodysplastic syndrome. Given list is:  NOD2,  CHEK2, HLA-B, GCKR,  PKNOX2",HLA-B,"```json
{
  ""answer"": ""There is no gene associated with both psoriasis and myelodysplastic syndrome in the provided context. CHEK2 and HLA-B are associated with myelodysplastic syndrome and psoriasis respectively, but not with both.""
}
```"
"Out of the given list, which Gene is associated with psoriasis and myelodysplastic syndrome. Given list is:  NOD2,  CHEK2, HLA-B, GCKR,  PKNOX2",HLA-B,Error
"Out of the given list, which Gene is associated with psoriasis and herpes zoster. Given list is:  MIF, HLA-B,  PLA2G6,  SCN1A, KITLG",HLA-B,"```json
{
  ""answer"": ""HLA-B""
}
```"
"Out of the given list, which Gene is associated with psoriasis and herpes zoster. Given list is:  MIF, HLA-B,  PLA2G6,  SCN1A, KITLG",HLA-B,Error
"Out of the given list, which Gene is associated with psoriasis and allergic rhinitis. Given list is:  ATP2B1, HLA-B,  STAT4,  TERT, FADS1",HLA-B,"```json
{
  ""answer"": ""HLA-B""
}
```"
"Out of the given list, which Gene is associated with psoriasis and allergic rhinitis. Given list is:  ATP2B1, HLA-B,  STAT4,  TERT, FADS1",HLA-B,Error
"Out of the given list, which Gene is associated with psoriasis and diffuse large B-cell lymphoma. Given list is:  PTPRD, XBP1,  BRCA2,  DMRT1, HLA-B",HLA-B,"```json
{
  ""answer"": ""HLA-B""
}
```"
"Out of the given list, which Gene is associated with psoriasis and diffuse large B-cell lymphoma. Given list is:  PTPRD, XBP1,  BRCA2,  DMRT1, HLA-B",HLA-B,Error
"Out of the given list, which Gene is associated with psoriasis and psoriatic arthritis. Given list is:  IGF2BP2,  GRAMD1B, TNRC18,  SFRP4, HLA-B",HLA-B,"```json
{
  ""answer"": ""HLA-B""
}
```"
"Out of the given list, which Gene is associated with psoriasis and psoriatic arthritis. Given list is:  IGF2BP2,  GRAMD1B, TNRC18,  SFRP4, HLA-B",HLA-B,Error
"Out of the given list, which Gene is associated with membranous glomerulonephritis and autoimmune hepatitis. Given list is:  RBFOX1,  RORA, IL2RA,  BTC, HLA-DQA1",HLA-DQA1,"```json
{
  ""answer"": ""HLA-DQA1""
}
```"
"Out of the given list, which Gene is associated with membranous glomerulonephritis and autoimmune hepatitis. Given list is:  RBFOX1,  RORA, IL2RA,  BTC, HLA-DQA1",HLA-DQA1,Error
"Out of the given list, which Gene is associated with membranous glomerulonephritis and immunoglobulin alpha deficiency. Given list is: HLA-DQA1,  ADH1B,  TM6SF2, TERT,  IL2RA",HLA-DQA1,"```json
{
  ""answer"": ""HLA-DQA1""
}
```"
"Out of the given list, which Gene is associated with membranous glomerulonephritis and immunoglobulin alpha deficiency. Given list is: HLA-DQA1,  ADH1B,  TM6SF2, TERT,  IL2RA",HLA-DQA1,Error
"Out of the given list, which Gene is associated with membranous glomerulonephritis and collagenous colitis. Given list is: HLA-DQA1,  STAT4, ATXN2,  GNE,  RAD51B",HLA-DQA1,"```json
{
  ""answer"": ""HLA-DQA1""
}
```"
"Out of the given list, which Gene is associated with membranous glomerulonephritis and collagenous colitis. Given list is: HLA-DQA1,  STAT4, ATXN2,  GNE,  RAD51B",HLA-DQA1,Error
"Out of the given list, which Gene is associated with membranous glomerulonephritis and cutaneous lupus erythematosus. Given list is:  ZFHX3,  HLA-DQA1, EPDR1,  CRTC1, HLA-DQA1",HLA-DQA1,"```json
{
  ""answer"": ""HLA-DQA1""
}
```"
"Out of the given list, which Gene is associated with membranous glomerulonephritis and cutaneous lupus erythematosus. Given list is:  ZFHX3,  HLA-DQA1, EPDR1,  CRTC1, HLA-DQA1",HLA-DQA1,Error
